project_id,project_name,district,category,approved_amount,spent_amount,progress_percent,delay_days,completion_status
MPLAD001,School Building,Chennai,Education,4000000,3900000,25,80,Ongoing
MPLAD002,Road Construction,Vellore,Road,5000000,3000000,65,10,Ongoing
MPLAD003,Water Tank,Salem,Water Supply,2000000,1200000,60,5,Ongoing
MPLAD004,Community Hall,Madurai,Community,3500000,1500000,45,20,Ongoing
MPLAD005,Street Lighting,Coimbatore,Infrastructure,1500000,1400000,90,5,Ongoing
MPLAD006,School Renovation,Trichy,Education,2500000,800000,30,60,Delayed
MPLAD007,Drainage Project,Chennai,Infrastructure,3000000,2800000,40,70,Delayed
MPLAD008,Health Centre,Vellore,Healthcare,4500000,2000000,55,15,Ongoing
MPLAD009,Bus Shelter,Salem,Transport,1000000,950000,85,3,Ongoing
MPLAD010,Library,Madurai,Education,1800000,1700000,90,2,Ongoing
MPLAD011,Park Development,Coimbatore,Environment,2200000,1000000,50,25,Ongoing
MPLAD012,Community Centre,Trichy,Community,3200000,3100000,35,75,Delayed
MPLAD013,Road Repair,Chennai,Road,2800000,2700000,55,40,Ongoing
MPLAD014,Water Pipeline,Vellore,Water Supply,3800000,1900000,50,30,Ongoing
MPLAD015,School Toilet,Salem,Education,1200000,1150000,95,2,Completed
MPLAD016,Primary Health Centre,Madurai,Healthcare,5000000,4900000,20,90,Delayed
MPLAD017,Footpath,Coimbatore,Road,1600000,700000,45,15,Ongoing
MPLAD018,Street Lights,Trichy,Infrastructure,1700000,1650000,80,8,Ongoing
MPLAD019,Anganwadi Building,Chennai,Education,2600000,2500000,70,12,Ongoing
MPLAD020,Public Toilet,Vellore,Sanitation,1400000,1300000,75,10,Ongoing